{
  "accuracy": 0.6638624041876986,
  "precision_macro": 0.3319312020938493,
  "recall_macro": 0.5,
  "f1_macro": 0.3989887640449438,
  "precision_weighted": 0.4407132916938713,
  "recall_weighted": 0.6638624041876986,
  "f1_weighted": 0.5297472802855097,
  "auc_roc": 0.5,
  "model_name": "Baseline (Majority Class)",
  "per_produce": {
    "Apple": {
      "count": 1202,
      "accuracy": 0.4425956738768719,
      "f1": 0.0,
      "fresh_count": 532,
      "rotten_count": 670
    },
    "Banana": {
      "count": 1126,
      "accuracy": 0.4591474245115453,
      "f1": 0.0,
      "fresh_count": 517,
      "rotten_count": 609
    },
    "Bellpepper": {
      "count": 181,
      "accuracy": 0.5248618784530387,
      "f1": 0.0,
      "fresh_count": 95,
      "rotten_count": 86
    },
    "Bittergourd": {
      "count": 94,
      "accuracy": 0.39361702127659576,
      "f1": 0.0,
      "fresh_count": 37,
      "rotten_count": 57
    },
    "Capsicum": {
      "count": 272,
      "accuracy": 0.5294117647058824,
      "f1": 0.0,
      "fresh_count": 144,
      "rotten_count": 128
    },
    "Carrot": {
      "count": 1882,
      "accuracy": 0.8103081827842721,
      "f1": 0.0,
      "fresh_count": 1525,
      "rotten_count": 357
    },
    "Cucumber": {
      "count": 317,
      "accuracy": 0.5047318611987381,
      "f1": 0.0,
      "fresh_count": 160,
      "rotten_count": 157
    },
    "Mango": {
      "count": 191,
      "accuracy": 0.5340314136125655,
      "f1": 0.0,
      "fresh_count": 102,
      "rotten_count": 89
    },
    "Okra": {
      "count": 156,
      "accuracy": 0.717948717948718,
      "f1": 0.0,
      "fresh_count": 112,
      "rotten_count": 44
    },
    "Orange": {
      "count": 2134,
      "accuracy": 0.7685098406747891,
      "f1": 0.0,
      "fresh_count": 1640,
      "rotten_count": 494
    },
    "Potato": {
      "count": 401,
      "accuracy": 0.38403990024937656,
      "f1": 0.0,
      "fresh_count": 154,
      "rotten_count": 247
    },
    "Strawberry": {
      "count": 179,
      "accuracy": 0.5195530726256983,
      "f1": 0.0,
      "fresh_count": 93,
      "rotten_count": 86
    },
    "Tomato": {
      "count": 2563,
      "accuracy": 0.776824034334764,
      "f1": 0.0,
      "fresh_count": 1991,
      "rotten_count": 572
    }
  },
  "mispredictions": [
    {
      "index": 9016,
      "true_label": "Rotten",
      "predicted_label": "Fresh",
      "produce_type": "Orange"
    },
    {
      "index": 3720,
      "true_label": "Rotten",
      "predicted_label": "Fresh",
      "produce_type": "Apple"
    },
    {
      "index": 9574,
      "true_label": "Rotten",
      "predicted_label": "Fresh",
      "produce_type": "Capsicum"
    },
    {
      "index": 3151,
      "true_label": "Rotten",
      "predicted_label": "Fresh",
      "produce_type": "Tomato"
    },
    {
      "index": 5039,
      "true_label": "Rotten",
      "predicted_label": "Fresh",
      "produce_type": "Apple"
    }
  ],
  "confusion_matrix": [
    [
      7102,
      0
    ],
    [
      3596,
      0
    ]
  ],
  "n_samples": 10698
}