{
  "accuracy": 0.9717704243783885,
  "precision_macro": 0.9633738100294409,
  "recall_macro": 0.9750317869380822,
  "f1_macro": 0.9687779008959018,
  "precision_weighted": 0.9728152885116124,
  "recall_weighted": 0.9717704243783885,
  "f1_weighted": 0.9719457110799592,
  "auc_roc": 0.9970232930359431,
  "model_name": "Deep Learning (EfficientNet-B0)",
  "per_produce": {
    "Apple": {
      "count": 1202,
      "accuracy": 0.9900166389351082,
      "f1": 0.9910581222056631,
      "fresh_count": 532,
      "rotten_count": 670
    },
    "Banana": {
      "count": 1126,
      "accuracy": 0.9973357015985791,
      "f1": 0.9975429975429976,
      "fresh_count": 517,
      "rotten_count": 609
    },
    "Bellpepper": {
      "count": 181,
      "accuracy": 0.9613259668508287,
      "f1": 0.9580838323353293,
      "fresh_count": 95,
      "rotten_count": 86
    },
    "Bittergourd": {
      "count": 94,
      "accuracy": 0.9893617021276596,
      "f1": 0.991304347826087,
      "fresh_count": 37,
      "rotten_count": 57
    },
    "Capsicum": {
      "count": 272,
      "accuracy": 1.0,
      "f1": 1.0,
      "fresh_count": 144,
      "rotten_count": 128
    },
    "Carrot": {
      "count": 1882,
      "accuracy": 0.9760892667375133,
      "f1": 0.9384404924760602,
      "fresh_count": 1525,
      "rotten_count": 357
    },
    "Cucumber": {
      "count": 317,
      "accuracy": 0.9274447949526814,
      "f1": 0.9305135951661632,
      "fresh_count": 160,
      "rotten_count": 157
    },
    "Mango": {
      "count": 191,
      "accuracy": 1.0,
      "f1": 1.0,
      "fresh_count": 102,
      "rotten_count": 89
    },
    "Okra": {
      "count": 156,
      "accuracy": 0.7564102564102564,
      "f1": 0.6885245901639344,
      "fresh_count": 112,
      "rotten_count": 44
    },
    "Orange": {
      "count": 2134,
      "accuracy": 0.9559512652296157,
      "f1": 0.9119850187265918,
      "fresh_count": 1640,
      "rotten_count": 494
    },
    "Potato": {
      "count": 401,
      "accuracy": 0.9102244389027432,
      "f1": 0.9299610894941635,
      "fresh_count": 154,
      "rotten_count": 247
    },
    "Strawberry": {
      "count": 179,
      "accuracy": 0.994413407821229,
      "f1": 0.9941520467836257,
      "fresh_count": 93,
      "rotten_count": 86
    },
    "Tomato": {
      "count": 2563,
      "accuracy": 0.9836129535700351,
      "f1": 0.9641025641025641,
      "fresh_count": 1991,
      "rotten_count": 572
    }
  },
  "mispredictions": [
    {
      "index": 6409,
      "true_label": "Fresh",
      "predicted_label": "Rotten",
      "produce_type": "Tomato"
    },
    {
      "index": 8201,
      "true_label": "Fresh",
      "predicted_label": "Rotten",
      "produce_type": "Orange"
    },
    {
      "index": 4074,
      "true_label": "Fresh",
      "predicted_label": "Rotten",
      "produce_type": "Potato"
    },
    {
      "index": 8789,
      "true_label": "Fresh",
      "predicted_label": "Rotten",
      "produce_type": "Tomato"
    },
    {
      "index": 2294,
      "true_label": "Fresh",
      "predicted_label": "Rotten",
      "produce_type": "Orange"
    }
  ],
  "confusion_matrix": [
    [
      6854,
      248
    ],
    [
      54,
      3542
    ]
  ],
  "n_samples": 10698,
  "training_history": {
    "train_loss": [
      0.2604247906173651,
      0.1977495180287709,
      0.1802289030753458,
      0.14485861527172322,
      0.11572940379309539,
      0.09975688569785024,
      0.09039135071723603,
      0.08165119663268948,
      0.07726481304375622,
      0.07256956247333736,
      0.07239508244025414,
      0.07104376640412598,
      0.07019432832939156
    ],
    "train_acc": [
      0.8744391025641025,
      0.909775641025641,
      0.9199519230769231,
      0.9373197115384615,
      0.9496594551282052,
      0.958553685897436,
      0.9607772435897436,
      0.965625,
      0.9666466346153846,
      0.9688301282051283,
      0.968369391025641,
      0.9696314102564103,
      0.9701322115384615
    ],
    "val_loss": [
      0.1949016742894395,
      0.16609575246333808,
      0.1374874115240955,
      0.11647991213099959,
      0.09762390369852696,
      0.0850124290917444,
      0.09053642335989433,
      0.07765317615565587,
      0.0760797633113753,
      0.08054936330021681,
      0.07126572386741745,
      0.07885874509390052,
      0.07082965244142282
    ],
    "val_acc": [
      0.9087679940175734,
      0.9242849130678632,
      0.9387736025425313,
      0.9491493737147131,
      0.9580295382314451,
      0.9638250140213124,
      0.9600859973826884,
      0.9676575060759021,
      0.9675640306599365,
      0.9652271452607964,
      0.9701813423069733,
      0.96578799775659,
      0.9698074406431109
    ]
  }
}