{
  "fractions": [
    0.1,
    0.25,
    0.5,
    0.75,
    1.0
  ],
  "n_train_samples": [
    4992,
    12480,
    24961,
    37441,
    49922
  ],
  "accuracy": [
    0.9189568143578238,
    0.9439147504206393,
    0.956907833239858,
    0.9674705552439709,
    0.9698074406431109
  ],
  "f1_weighted": [
    0.920236666769445,
    0.9445512188945698,
    0.9572998069260441,
    0.9676686662572183,
    0.969988614781255
  ],
  "f1_macro": [
    0.9123506165846581,
    0.938678959764043,
    0.9526412993200484,
    0.9640129967180321,
    0.9665918419024667
  ],
  "precision_macro": [
    0.9024018791658712,
    0.9301981930260528,
    0.9453297033452004,
    0.9587596802180548,
    0.9613797425748138
  ],
  "recall_macro": [
    0.9287333950642614,
    0.9502079033338774,
    0.9618471774232704,
    0.9700772456269662,
    0.972592360672345
  ],
  "auc_roc": [
    0.9810585598567073,
    0.990115370374605,
    0.9942309135060109,
    0.9957096052154698,
    0.9969189811327019
  ]
}